Ticker,Company,Sector_Raw,Sector,Total_Revenue_B,Market_Cap_B,ROE,Profit_Margin,Beta,Headcount,Audit_Risk,Board_Risk,Compensation_Risk,Shareholder_Rights_Risk,Overall_Governance_Risk,Market_Cap_Quartile,Governance_Risk_Level
MMM,3M Company,Industrials,Industrials & Energy,25.18,85.553,0.8189,0.119,1.074,60500.0,5.0,7.0,5.0,4.0,5.0,Q3,Medium
AOS,A.O. Smith Corporation,Industrials,Industrials & Energy,3.805,7.74,0.2713,0.1315,1.153,11500.0,4.0,10.0,7.0,10.0,10.0,Q1,High
ABT,Abbott Laboratories,Healthcare,Healthcare,46.585,177.555,0.1058,0.1165,0.586,122000.0,9.0,6.0,6.0,2.0,5.0,Q4,Medium
ABBV,AbbVie Inc.,Healthcare,Healthcare,64.386,466.448,,0.098,0.281,57000.0,6.0,5.0,2.0,9.0,7.0,Q4,High
ACN,Accenture plc,Technology,Tech & Comms,73.101,110.939,0.2441,0.1066,1.092,799000.0,1.0,3.0,5.0,4.0,2.0,Q4,Low
ADBE,Adobe Inc.,Technology,Tech & Comms,25.97,98.946,0.619,0.2805,1.417,31360.0,1.0,6.0,10.0,1.0,8.0,Q4,High
AMD,"Advanced Micro Devices, Inc.",Technology,Tech & Comms,41.305,913.892,0.102,0.1558,2.476,31000.0,10.0,3.0,8.0,3.0,5.0,Q4,Medium
AES,The AES Corporation,Utilities,Industrials & Energy,13.054,10.58,0.0957,0.1434,0.95,8336.0,10.0,8.0,8.0,4.0,9.0,Q1,High
AFL,AFLAC Incorporated,Financial Services,Finance,18.069,58.321,0.1691,0.2691,0.58,12716.0,8.0,5.0,6.0,9.0,8.0,Q3,High
A,"Agilent Technologies, Inc.",Healthcare,Healthcare,7.372,44.119,0.2097,0.1953,1.241,18200.0,8.0,3.0,7.0,6.0,5.0,Q2,Medium
APD,"Air Products and Chemicals, Inc",Basic Materials,Industrials & Energy,12.602,63.283,0.0002,-0.0037,0.754,21087.0,9.0,1.0,4.0,3.0,1.0,Q3,Low
ABNB,"Airbnb, Inc.",Consumer Cyclical,Consumer,13.159,99.53,0.3454,0.2045,1.161,8200.0,9.0,10.0,9.0,10.0,10.0,Q4,High
AKAM,"Akamai Technologies, Inc.",Technology,Tech & Comms,4.323,15.021,0.0892,0.0951,0.635,11000.0,2.0,6.0,2.0,6.0,4.0,Q1,Medium
ALB,Albemarle Corporation,Basic Materials,Industrials & Energy,5.908,13.088,0.0265,0.0379,1.334,7800.0,9.0,7.0,3.0,8.0,7.0,Q1,High
ARE,Alexandria Real Estate Equities,Real Estate,Consumer,2.84,9.173,-0.0408,-0.3608,1.168,514.0,8.0,9.0,1.0,8.0,8.0,Q1,High
ALGN,"Align Technology, Inc.",Healthcare,Healthcare,4.14,10.486,0.1016,0.0999,1.643,20435.0,1.0,4.0,9.0,7.0,7.0,Q1,High
ALLE,Allegion plc,Industrials,Industrials & Energy,4.288,12.949,0.3373,0.1536,0.841,13300.0,6.0,3.0,2.0,8.0,4.0,Q1,Medium
LNT,Alliant Energy Corporation,Utilities,Industrials & Energy,4.429,17.01,0.1114,0.1845,0.532,2948.0,5.0,1.0,1.0,3.0,1.0,Q1,Low
ALL,Allstate Corporation (The),Financial Services,Finance,70.137,63.172,0.4611,0.1897,0.15,53000.0,4.0,7.0,7.0,1.0,2.0,Q3,Low
GOOGL,Alphabet Inc.,Communication Services,Tech & Comms,445.866,4274.852,0.4868,0.5477,1.225,198933.0,8.0,8.0,10.0,10.0,10.0,Q4,High
GOOG,Alphabet Inc.,Communication Services,Tech & Comms,445.866,4212.112,0.4868,0.5477,1.225,198933.0,,,,,,Q4,
MO,"Altria Group, Inc.",Consumer Defensive,Consumer,20.444,116.081,,0.39,0.494,5900.0,6.0,1.0,2.0,6.0,2.0,Q4,Low
AMZN,"Amazon.com, Inc.",Consumer Cyclical,Consumer,775.68,2736.596,0.3056,0.1744,1.443,1595000.0,2.0,8.0,10.0,3.0,9.0,Q4,High
AMCR,Amcor plc,Consumer Cyclical,Consumer,23.506,19.372,0.094,0.0471,0.595,75000.0,8.0,4.0,4.0,8.0,7.0,Q1,High
AEE,Ameren Corporation,Utilities,Industrials & Energy,8.411,28.302,0.1194,0.1858,0.47,8913.0,6.0,8.0,5.0,8.0,8.0,Q2,High
AEP,American Electric Power Company,Utilities,Industrials & Energy,22.791,65.328,0.1013,0.1378,0.5,17581.0,8.0,6.0,7.0,6.0,7.0,Q3,High
AXP,American Express Company,Financial Services,Finance,70.913,210.4,0.3438,0.1614,1.048,76800.0,4.0,9.0,1.0,6.0,5.0,Q4,Medium
AIG,"American International Group, I",Financial Services,Finance,26.739,39.39,0.0722,0.1109,0.511,22100.0,5.0,6.0,5.0,2.0,4.0,Q2,Medium
AMT,American Tower Corporation (REI,Real Estate,Consumer,10.942,81.068,0.3391,0.3108,0.895,4866.0,1.0,3.0,3.0,3.0,1.0,Q3,Low
AWK,"American Water Works Company, I",Utilities,Industrials & Energy,5.284,27.007,0.1009,0.2135,0.58,7000.0,5.0,1.0,1.0,4.0,1.0,Q2,Low
AMP,"Ameriprise Financial, Inc.",Financial Services,Finance,19.839,48.082,0.6343,0.199,1.134,13600.0,9.0,5.0,7.0,5.0,6.0,Q3,Medium
AME,"AMETEK, Inc.",Industrials,Industrials & Energy,7.864,54.482,0.1456,0.2004,0.989,22500.0,2.0,6.0,3.0,9.0,8.0,Q3,High
AMGN,Amgen Inc.,Healthcare,Healthcare,38.095,208.495,0.9147,0.2295,0.426,31500.0,7.0,8.0,2.0,2.0,3.0,Q4,Low
APH,Amphenol Corporation,Technology,Tech & Comms,29.012,191.236,0.3811,0.1773,1.242,170000.0,6.0,8.0,7.0,2.0,6.0,Q4,Medium
ADI,"Analog Devices, Inc.",Technology,Tech & Comms,13.882,182.061,0.1223,0.2979,1.205,24500.0,9.0,9.0,7.0,6.0,8.0,Q4,High
AON,Aon plc,Financial Services,Finance,17.577,62.713,0.447,0.2227,0.66,60000.0,7.0,1.0,10.0,8.0,9.0,Q3,High
APA,APA Corporation,Energy,Industrials & Energy,8.572,15.72,0.2666,0.1956,0.366,1791.0,5.0,2.0,9.0,7.0,7.0,Q1,High
APO,"Apollo Global Management, Inc. ",Financial Services,Finance,35.598,74.355,0.1141,0.0527,1.514,6140.0,9.0,9.0,10.0,5.0,9.0,Q3,High
AAPL,Apple Inc.,Technology,Tech & Comms,466.823,4905.542,1.4875,0.2762,1.085,150000.0,2.0,1.0,6.0,1.0,1.0,Q4,Low
AMAT,"Applied Materials, Inc.",Technology,Tech & Comms,30.837,352.81,0.4107,0.3005,1.597,38900.0,2.0,2.0,2.0,1.0,1.0,Q4,Low
APP,Applovin Corporation,Communication Services,Tech & Comms,6.829,103.49,2.0369,0.6458,2.488,876.0,1.0,9.0,10.0,10.0,10.0,Q4,High
APTV,Aptiv PLC,Consumer Cyclical,Consumer,20.518,9.051,0.0516,0.0107,1.33,140000.0,6.0,8.0,6.0,8.0,8.0,Q1,High
ACGL,Arch Capital Group Ltd.,Financial Services,Finance,19.232,33.062,0.1994,0.244,0.282,8000.0,6.0,4.0,2.0,8.0,5.0,Q2,Medium
ADM,Archer-Daniels-Midland Company,Consumer Defensive,Consumer,82.099,41.053,0.0764,0.0216,0.613,40798.0,10.0,8.0,2.0,1.0,6.0,Q2,Medium
ARES,Ares Management Corporation,Financial Services,Finance,5.988,41.074,0.1494,0.1063,1.517,4343.0,8.0,10.0,10.0,10.0,10.0,Q2,High
ANET,"Arista Networks, Inc.",Technology,Tech & Comms,10.541,251.476,0.3148,0.3837,1.617,5115.0,1.0,10.0,10.0,10.0,10.0,Q4,High
AJG,Arthur J. Gallagher & Co.,Financial Services,Finance,15.109,61.389,0.0672,0.1038,0.506,67456.0,5.0,6.0,7.0,5.0,6.0,Q3,Medium
AIZ,"Assurant, Inc.",Financial Services,Finance,13.456,13.921,0.1834,0.079,0.542,14800.0,1.0,1.0,4.0,5.0,1.0,Q1,Low
T,AT&T Inc.,Communication Services,Tech & Comms,127.239,174.051,0.1834,0.1694,0.431,133030.0,1.0,6.0,5.0,3.0,3.0,Q4,Low
ATO,Atmos Energy Corporation,Utilities,Industrials & Energy,4.922,27.089,0.0979,0.285,0.594,5487.0,9.0,8.0,6.0,7.0,8.0,Q2,High
ADSK,"Autodesk, Inc.",Technology,Tech & Comms,7.79,45.343,0.5385,0.2108,1.309,14300.0,1.0,2.0,7.0,2.0,2.0,Q3,Low
ADP,"Automatic Data Processing, Inc.",Technology,Tech & Comms,21.947,107.746,0.7224,0.2011,0.83,67000.0,1.0,3.0,1.0,2.0,1.0,Q4,Low
AZO,"AutoZone, Inc.",Consumer Cyclical,Consumer,19.986,46.614,,0.124,0.34,78000.0,5.0,7.0,3.0,4.0,4.0,Q3,Medium
AVY,Avery Dennison Corporation,Consumer Cyclical,Consumer,9.248,12.71,0.3116,0.0762,0.814,35000.0,8.0,9.0,2.0,6.0,7.0,Q1,High
AXON,"Axon Enterprise, Inc.",Industrials,Industrials & Energy,3.219,36.375,0.0622,0.0619,1.399,5100.0,10.0,4.0,9.0,5.0,9.0,Q2,High
BKR,Baker Hughes Company,Energy,Industrials & Energy,27.725,56.831,0.1646,0.1117,0.961,54000.0,3.0,6.0,8.0,2.0,5.0,Q3,Medium
BALL,Ball Corporation,Consumer Cyclical,Consumer,14.326,15.922,0.1715,0.0661,0.951,16000.0,8.0,2.0,5.0,9.0,7.0,Q1,High
BAC,Bank of America Corporation,Financial Services,Finance,113.931,403.691,0.112,0.2952,1.164,211000.0,10.0,5.0,6.0,2.0,6.0,Q4,Medium
BAX,Baxter International Inc.,Healthcare,Healthcare,11.47,11.788,-0.1437,-0.0927,0.595,37500.0,3.0,2.0,9.0,2.0,6.0,Q1,Medium
BDX,"Becton, Dickinson and Company",Healthcare,Healthcare,22.484,49.286,0.0661,0.0419,0.276,72000.0,3.0,6.0,5.0,1.0,2.0,Q3,Low
BRK-B,Berkshire Hathaway Inc. New,Financial Services,Finance,384.687,1091.27,0.1212,0.223,0.603,387800.0,10.0,10.0,9.0,10.0,10.0,Q4,High
BBY,"Best Buy Co., Inc.",Consumer Cyclical,Consumer,42.201,19.473,0.4313,0.0301,1.305,82000.0,5.0,1.0,6.0,2.0,1.0,Q1,Low
TECH,Bio-Techne Corp,Healthcare,Healthcare,1.215,11.349,0.0903,0.1497,1.275,3000.0,7.0,1.0,10.0,1.0,8.0,Q1,High
BIIB,Biogen Inc.,Healthcare,Healthcare,10.028,31.841,0.0457,0.0832,0.171,7500.0,8.0,2.0,9.0,2.0,5.0,Q2,Medium
BLK,"BlackRock, Inc.",Financial Services,Finance,27.299,173.814,0.1228,0.2409,1.429,26200.0,3.0,6.0,10.0,1.0,8.0,Q4,High
BX,Blackstone Inc.,Financial Services,Finance,15.483,149.364,0.3137,0.2273,1.558,5285.0,8.0,10.0,9.0,10.0,10.0,Q4,High
XYZ,"Block, Inc.",Technology,Tech & Comms,25.042,45.829,0.0161,0.0143,2.522,10205.0,4.0,10.0,9.0,10.0,10.0,Q3,High
BE,Bloom Energy Corporation,Industrials,Industrials & Energy,3.113,78.235,0.2221,0.0787,3.811,2214.0,3.0,7.0,6.0,8.0,7.0,Q3,High
BNY,The Bank of New York Mellon Cor,Financial Services,Finance,21.415,104.347,0.1412,0.2941,1.048,46500.0,2.0,7.0,10.0,3.0,8.0,Q4,High
BA,Boeing Company (The),Industrials,Industrials & Energy,93.995,156.651,1.7354,0.0259,1.213,182000.0,10.0,3.0,9.0,5.0,9.0,Q4,High
BKNG,Booking Holdings Inc. Common St,Consumer Cyclical,Consumer,28.241,126.157,,0.2553,1.068,25550.0,9.0,2.0,3.0,2.0,1.0,Q4,Low
BSX,Boston Scientific Corporation,Healthcare,Healthcare,20.996,62.81,0.1534,0.175,0.568,59000.0,10.0,8.0,4.0,4.0,7.0,Q3,High
BMY,Bristol-Myers Squibb Company,Healthcare,Healthcare,49.186,128.814,0.466,0.1887,0.227,32500.0,4.0,8.0,3.0,2.0,4.0,Q4,Medium
AVGO,Broadcom Inc.,Technology,Tech & Comms,89.104,1707.098,0.4425,0.4294,1.457,33000.0,3.0,3.0,10.0,3.0,9.0,Q4,High
BR,"Broadridge Financial Solutions,",Technology,Tech & Comms,7.477,18.6,0.4092,0.1504,0.91,16000.0,1.0,1.0,7.0,8.0,2.0,Q1,Low
BRO,"Brown & Brown, Inc.",Financial Services,Finance,6.663,21.756,0.1002,0.1808,0.582,22888.0,8.0,8.0,6.0,1.0,3.0,Q1,Low
BF-B,Brown Forman Inc,Consumer Defensive,Consumer,3.915,11.903,0.1812,0.1842,0.331,4900.0,9.0,10.0,10.0,10.0,10.0,Q1,High
BG,Bunge Limited,Consumer Defensive,Consumer,91.819,22.205,0.0718,0.011,0.66,34000.0,3.0,4.0,7.0,6.0,5.0,Q1,Medium
BXP,"BXP, Inc.",Real Estate,Consumer,3.19,11.426,0.0531,0.093,1.033,826.0,6.0,9.0,9.0,8.0,9.0,Q1,High
CHRW,"C.H. Robinson Worldwide, Inc.",Industrials,Industrials & Energy,16.997,17.877,0.3712,0.0373,0.943,11599.0,1.0,3.0,7.0,8.0,6.0,Q1,Medium
CDNS,"Cadence Design Systems, Inc.",Technology,Tech & Comms,5.838,77.909,0.2323,0.2361,1.137,15445.0,3.0,2.0,3.0,1.0,1.0,Q3,Low
CPT,Camden Property Trust,Real Estate,Consumer,1.582,11.471,0.0789,0.2062,0.782,1640.0,3.0,7.0,9.0,7.0,8.0,Q1,High
COF,Capital One Financial Corporati,Financial Services,Finance,48.11,124.188,0.0903,0.2187,1.016,78400.0,3.0,7.0,8.0,2.0,6.0,Q4,Medium
CAH,"Cardinal Health, Inc.",Healthcare,Healthcare,254.248,52.418,,0.0067,0.519,58788.0,9.0,1.0,1.0,1.0,1.0,Q3,Low
CCL,Carnival Corporation Ltd.,Consumer Cyclical,Consumer,27.311,29.913,0.2669,0.1124,2.312,160000.0,7.0,9.0,1.0,9.0,8.0,Q2,High
CARR,Carrier Global Corporation,Industrials,Industrials & Energy,22.108,44.415,0.0897,0.0552,1.298,47000.0,8.0,5.0,9.0,2.0,6.0,Q2,Medium
CVNA,Carvana Co.,Consumer Cyclical,Consumer,25.058,72.172,0.5877,0.0626,3.497,23100.0,9.0,10.0,9.0,10.0,10.0,Q3,High
CASY,"Caseys General Stores, Inc.",Consumer Cyclical,Consumer,18.672,22.083,0.1998,0.0414,0.592,23490.0,7.0,5.0,3.0,7.0,5.0,Q1,Medium
CAT,"Caterpillar, Inc.",Industrials,Industrials & Energy,74.729,371.872,0.5697,0.1451,1.594,118000.0,4.0,4.0,3.0,5.0,3.0,Q4,Low
CBOE,"Cboe Global Markets, Inc.",Financial Services,Finance,5.061,28.495,0.263,0.2673,0.408,1661.0,6.0,1.0,3.0,5.0,2.0,Q2,Low
CBRE,CBRE Group Inc,Real Estate,Consumer,43.711,40.396,0.158,0.0298,1.188,155000.0,1.0,6.0,2.0,2.0,2.0,Q2,Low
CDW,CDW Corporation,Technology,Tech & Comms,23.5,18.276,0.4401,0.046,0.941,14800.0,1.0,6.0,6.0,4.0,4.0,Q1,Medium
COR,"Cencora, Inc.",Healthcare,Healthcare,332.771,58.924,0.9687,0.0079,0.574,47000.0,2.0,2.0,1.0,7.0,2.0,Q3,Low
CNC,Centene Corporation,Healthcare,Healthcare,180.304,32.164,-0.2036,-0.0283,1.106,61100.0,2.0,2.0,5.0,1.0,1.0,Q2,Low
CNP,"CenterPoint Energy, Inc (Holdin",Utilities,Industrials & Energy,9.62,25.176,0.0983,0.1161,0.451,8794.0,3.0,5.0,5.0,8.0,6.0,Q2,Medium
CF,"CF Industries Holdings, Inc.",Basic Materials,Industrials & Energy,7.739,19.326,0.2987,0.2712,0.399,2900.0,7.0,3.0,6.0,5.0,4.0,Q1,Medium
CRL,Charles River Laboratories Inte,Healthcare,Healthcare,3.999,13.394,-0.0752,-0.0596,1.405,18300.0,2.0,1.0,6.0,8.0,4.0,Q1,Medium
SCHW,Charles Schwab Corporation (The,Financial Services,Finance,26.025,182.013,0.2027,0.3879,0.753,33700.0,7.0,9.0,8.0,9.0,9.0,Q4,High
CHTR,"Charter Communications, Inc.",Communication Services,Tech & Comms,54.396,16.657,0.272,0.0905,0.687,91900.0,10.0,7.0,10.0,6.0,10.0,Q1,High
CVX,Chevron Corporation,Energy,Industrials & Energy,209.384,410.976,0.1223,0.0983,0.491,43039.0,10.0,4.0,1.0,2.0,1.0,Q4,Low
CMG,"Chipotle Mexican Grill, Inc.",Consumer Cyclical,Consumer,12.424,42.303,0.4956,0.1143,0.937,140000.0,6.0,1.0,2.0,7.0,2.0,Q2,Low
CB,Chubb Limited,Financial Services,Finance,61.896,131.419,0.1482,0.1807,0.382,45000.0,9.0,10.0,2.0,6.0,8.0,Q4,High
CHD,"Church & Dwight Company, Inc.",Consumer Defensive,Consumer,6.229,22.475,0.1704,0.1196,0.472,5550.0,4.0,4.0,2.0,5.0,3.0,Q2,Low
CIEN,Ciena Corporation,Technology,Tech & Comms,6.021,49.463,0.224,0.1087,1.309,8898.0,7.0,1.0,6.0,7.0,4.0,Q3,Medium
CI,The Cigna Group,Healthcare,Healthcare,282.382,72.74,0.1676,0.0227,0.317,65669.0,1.0,4.0,7.0,7.0,5.0,Q3,Medium
CINF,Cincinnati Financial Corporatio,Financial Services,Finance,13.954,25.938,0.2148,0.2384,0.545,5705.0,6.0,10.0,4.0,8.0,9.0,Q2,High
CTAS,Cintas Corporation,Industrials,Industrials & Energy,11.265,79.09,0.4071,0.1775,0.913,48100.0,7.0,10.0,3.0,9.0,9.0,Q3,High
CSCO,"Cisco Systems, Inc.",Technology,Tech & Comms,63.325,431.753,0.2732,0.2095,0.992,82400.0,6.0,6.0,8.0,1.0,3.0,Q4,Low
C,"Citigroup, Inc.",Financial Services,Finance,81.712,221.036,0.0853,0.2183,1.097,219000.0,1.0,6.0,10.0,1.0,8.0,Q4,High
CFG,"Citizens Financial Group, Inc.",Financial Services,Finance,8.161,28.236,0.0827,0.2605,0.997,17727.0,3.0,5.0,6.0,7.0,6.0,Q2,Medium
CLX,Clorox Company (The),Consumer Defensive,Consumer,6.72,10.049,1.6376,0.0873,0.544,9200.0,7.0,3.0,6.0,8.0,7.0,Q1,High
CME,CME Group Inc.,Financial Services,Finance,6.757,99.247,0.158,0.6344,0.275,3875.0,1.0,9.0,8.0,10.0,9.0,Q4,High
CMS,CMS Energy Corporation,Utilities,Industrials & Energy,8.813,20.489,0.0916,0.1164,0.331,8350.0,3.0,6.0,1.0,1.0,1.0,Q1,Low
KO,Coca-Cola Company (The),Consumer Defensive,Consumer,50.129,379.7,0.4205,0.2856,0.342,65900.0,4.0,9.0,1.0,4.0,4.0,Q4,Medium
CTSH,Cognizant Technology Solutions ,Technology,Tech & Comms,21.642,26.968,0.1492,0.1026,0.83,356700.0,1.0,4.0,4.0,2.0,1.0,Q2,Low
COHR,Coherent Corp.,Technology,Tech & Comms,7.118,62.149,0.0798,0.1131,2.104,51478.0,5.0,4.0,9.0,9.0,9.0,Q3,High
COIN,"Coinbase Global, Inc.",Financial Services,Finance,6.044,51.25,-0.0785,-0.1634,3.388,4951.0,10.0,10.0,10.0,10.0,10.0,Q3,High
CL,Colgate-Palmolive Company,Consumer Defensive,Consumer,21.047,69.729,2.6737,0.0968,0.323,33600.0,3.0,5.0,4.0,2.0,2.0,Q3,Low
CMCSA,Comcast Corporation,Communication Services,Tech & Comms,124.904,80.696,0.1149,0.0897,0.662,179000.0,10.0,10.0,9.0,10.0,10.0,Q3,High
FIX,"Comfort Systems USA, Inc.",Industrials,Industrials & Energy,11.228,58.119,0.5529,0.1278,1.676,22700.0,9.0,3.0,5.0,9.0,8.0,Q3,High
COP,ConocoPhillips,Energy,Industrials & Energy,64.459,158.372,0.1418,0.144,0.134,9600.0,9.0,5.0,3.0,8.0,7.0,Q4,High
ED,"Consolidated Edison, Inc.",Utilities,Industrials & Energy,17.689,38.991,0.0896,0.1253,0.259,15407.0,6.0,7.0,1.0,4.0,4.0,Q2,Medium
STZ,"Constellation Brands, Inc.",Consumer Defensive,Consumer,9.057,20.321,0.2369,0.2014,0.4,9400.0,8.0,3.0,3.0,4.0,3.0,Q1,Low
CEG,Constellation Energy Corporatio,Utilities,Industrials & Energy,31.27,90.246,0.1506,0.1108,1.117,15291.0,4.0,8.0,3.0,8.0,7.0,Q3,High
COO,"The Cooper Companies, Inc.",Healthcare,Healthcare,4.237,10.514,0.0684,0.1346,0.818,15000.0,10.0,3.0,9.0,3.0,7.0,Q1,High
CPRT,"Copart, Inc.",Industrials,Industrials & Energy,4.666,27.108,0.1616,0.3181,1.029,,10.0,9.0,7.0,2.0,7.0,Q2,High
GLW,Corning Incorporated,Technology,Tech & Comms,16.964,129.32,0.1681,0.112,1.151,67200.0,3.0,8.0,8.0,6.0,7.0,Q4,High
CPAY,"Corpay, Inc.",Technology,Tech & Comms,5.021,26.117,0.2922,0.2272,0.873,11800.0,10.0,10.0,10.0,2.0,9.0,Q2,High
CTVA,"Corteva, Inc.",Basic Materials,Industrials & Energy,17.812,53.729,0.0426,0.0566,0.577,21500.0,5.0,3.0,5.0,5.0,4.0,Q3,Medium
CSGP,"CoStar Group, Inc.",Real Estate,Consumer,3.556,11.787,0.0089,0.0208,0.747,8441.0,2.0,1.0,9.0,4.0,4.0,Q1,Medium
COST,Costco Wholesale Corporation,Consumer Defensive,Consumer,293.587,397.051,0.2915,0.0301,0.855,341000.0,6.0,2.0,4.0,1.0,1.0,Q4,Low
CRH,CRH PLC,Basic Materials,Industrials & Energy,38.632,57.314,0.1581,0.0994,1.198,83032.0,2.0,6.0,5.0,7.0,5.0,Q3,Medium
CRWD,"CrowdStrike Holdings, Inc.",Technology,Tech & Comms,5.396,243.338,0.0146,0.0083,1.255,11706.0,10.0,9.0,10.0,10.0,10.0,Q4,High
CCI,Crown Castle Inc.,Real Estate,Consumer,4.161,31.927,,0.2072,0.969,1500.0,2.0,1.0,9.0,5.0,4.0,Q2,Medium
CSX,CSX Corporation,Industrials,Industrials & Energy,14.512,87.252,0.2436,0.2221,1.207,22200.0,9.0,3.0,6.0,2.0,3.0,Q3,Low
CMI,Cummins Inc.,Industrials,Industrials & Energy,34.708,73.269,0.2111,0.0782,1.226,67400.0,5.0,5.0,4.0,2.0,2.0,Q3,Low
CVS,CVS Health Corporation,Healthcare,Healthcare,412.645,113.624,0.0621,0.0118,0.58,219000.0,8.0,8.0,6.0,1.0,4.0,Q4,Medium
DHR,Danaher Corporation,Healthcare,Healthcare,25.107,148.899,0.0761,0.1595,0.808,58000.0,6.0,10.0,5.0,2.0,7.0,Q4,High
DRI,"Darden Restaurants, Inc.",Consumer Cyclical,Consumer,13.211,23.762,0.5372,0.0913,0.59,209931.0,3.0,2.0,8.0,1.0,1.0,Q2,Low
DDOG,"Datadog, Inc.",Technology,Tech & Comms,3.967,82.559,0.047,0.0448,1.488,8100.0,7.0,10.0,9.0,10.0,10.0,Q3,High
DVA,DaVita Inc.,Healthcare,Healthcare,14.01,11.73,0.8848,0.0605,0.83,78000.0,8.0,2.0,5.0,3.0,2.0,Q1,Low
DECK,Deckers Outdoor Corporation,Consumer Cyclical,Consumer,5.527,10.681,0.4256,0.1836,1.15,6000.0,3.0,3.0,5.0,7.0,4.0,Q1,Medium
DE,Deere & Company,Industrials,Industrials & Energy,47.927,184.421,0.1824,0.1017,0.911,73100.0,7.0,5.0,4.0,7.0,6.0,Q4,Medium
DELL,Dell Technologies Inc.,Technology,Tech & Comms,151.197,361.18,,0.0752,1.409,97000.0,10.0,10.0,10.0,10.0,10.0,Q4,High
DAL,"Delta Air Lines, Inc.",Industrials,Industrials & Energy,68.287,52.36,0.2013,0.0578,1.291,103000.0,6.0,1.0,1.0,3.0,1.0,Q3,Low
DVN,Devon Energy Corporation,Energy,Industrials & Energy,18.781,53.471,0.1152,0.1746,0.426,2200.0,2.0,4.0,2.0,7.0,4.0,Q3,Medium
DXCM,"DexCom, Inc.",Healthcare,Healthcare,4.969,33.717,0.3849,0.2012,1.419,11000.0,2.0,7.0,5.0,6.0,5.0,Q2,Medium
FANG,"Diamondback Energy, Inc.",Energy,Industrials & Energy,16.248,53.881,0.0349,0.0903,0.414,1762.0,3.0,7.0,2.0,7.0,5.0,Q3,Medium
DLR,"Digital Realty Trust, Inc.",Real Estate,Consumer,6.757,68.78,0.0291,0.1182,1.037,4282.0,2.0,2.0,7.0,9.0,7.0,Q3,High
DG,Dollar General Corporation,Consumer Defensive,Consumer,43.638,27.006,0.1969,0.039,0.235,194000.0,8.0,1.0,7.0,7.0,4.0,Q2,Medium
DLTR,"Dollar Tree, Inc.",Consumer Defensive,Consumer,20.069,21.007,0.4603,0.0804,0.662,150000.0,5.0,3.0,7.0,2.0,2.0,Q1,Low
D,"Dominion Energy, Inc.",Utilities,Industrials & Energy,18.119,55.92,0.0828,0.1398,0.622,15200.0,10.0,7.0,3.0,6.0,6.0,Q3,Medium
DPZ,Domino's Pizza Inc,Consumer Cyclical,Consumer,5.028,9.733,,0.1186,0.946,6200.0,6.0,4.0,8.0,8.0,8.0,Q1,High
DASH,"DoorDash, Inc.",Consumer Cyclical,Consumer,15.891,83.601,0.0889,0.0529,1.788,31400.0,8.0,10.0,9.0,10.0,10.0,Q3,High
DOV,Dover Corporation,Industrials,Industrials & Energy,8.421,25.242,0.1491,0.1348,1.146,24000.0,5.0,6.0,2.0,4.0,3.0,Q2,Low
DOW,Dow Inc.,Basic Materials,Industrials & Energy,41.319,20.753,-0.0554,-0.0313,0.424,32800.0,2.0,5.0,4.0,5.0,4.0,Q1,Medium
DHI,"D.R. Horton, Inc.",Consumer Cyclical,Consumer,33.35,38.604,0.1263,0.0915,1.371,14341.0,7.0,6.0,5.0,8.0,7.0,Q2,High
DTE,DTE Energy Company,Utilities,Industrials & Energy,16.465,26.743,0.1103,0.08,0.388,9592.0,7.0,6.0,6.0,3.0,5.0,Q2,Medium
DUK,Duke Energy Corporation (Holdin,Utilities,Industrials & Energy,32.803,91.638,0.0986,0.16,0.364,26441.0,4.0,3.0,2.0,4.0,2.0,Q3,Low
DD,"DuPont de Nemours, Inc.",Basic Materials,Industrials & Energy,6.988,17.422,0.0179,0.0079,1.085,15000.0,8.0,7.0,5.0,2.0,5.0,Q1,Medium
ETN,"Eaton Corporation, PLC",Industrials,Industrials & Energy,30.026,164.981,0.1968,0.1275,1.168,97303.0,3.0,1.0,5.0,6.0,2.0,Q4,Low
EBAY,eBay Inc.,Consumer Cyclical,Consumer,12.008,49.769,0.4661,0.1857,1.339,12300.0,1.0,2.0,8.0,3.0,3.0,Q3,Low
ECHO,EchoStar Corporation,Communication Services,Tech & Comms,14.654,27.149,-0.3343,-0.3871,1.009,12100.0,10.0,10.0,10.0,10.0,10.0,Q2,High
ECL,Ecolab Inc.,Basic Materials,Industrials & Energy,16.843,75.537,0.2196,0.1257,0.89,48000.0,6.0,7.0,2.0,2.0,3.0,Q3,Low
EIX,Edison International,Utilities,Industrials & Energy,19.423,21.284,0.1973,0.1928,0.614,13725.0,5.0,1.0,8.0,1.0,1.0,Q1,Low
EW,Edwards Lifesciences Corporatio,Healthcare,Healthcare,6.512,50.873,0.0917,0.1543,0.852,16000.0,4.0,2.0,4.0,4.0,2.0,Q3,Low
ELV,"Elevance Health, Inc.",Healthcare,Healthcare,201.114,89.122,0.1113,0.0247,0.696,96129.0,1.0,1.0,2.0,6.0,1.0,Q3,Low
EME,"EMCOR Group, Inc.",Industrials,Industrials & Energy,18.598,33.086,0.4035,0.0774,1.13,44000.0,2.0,6.0,6.0,5.0,5.0,Q2,Medium
EMR,Emerson Electric Company,Industrials,Industrials & Energy,18.636,83.625,0.128,0.1383,1.233,71000.0,2.0,7.0,1.0,9.0,8.0,Q3,High
ETR,Entergy Corporation,Utilities,Industrials & Energy,13.482,48.738,0.1025,0.1333,0.481,12000.0,7.0,5.0,6.0,2.0,4.0,Q3,Medium
EOG,"EOG Resources, Inc.",Energy,Industrials & Energy,26.721,75.653,0.2251,0.2573,0.272,3400.0,9.0,5.0,3.0,2.0,3.0,Q3,Low
EQT,EQT Corporation,Energy,Industrials & Energy,9.294,31.276,0.1108,0.2918,0.576,1523.0,9.0,8.0,1.0,5.0,6.0,Q2,Medium
EFX,"Equifax, Inc.",Industrials,Industrials & Energy,6.444,18.665,0.1427,0.1073,1.305,15000.0,1.0,4.0,8.0,8.0,7.0,Q1,High
EQIX,"Equinix, Inc.",Real Estate,Consumer,9.904,100.777,0.1074,0.1548,0.973,13716.0,2.0,8.0,7.0,2.0,3.0,Q4,Low
ERIE,Erie Indemnity Company,Financial Services,Finance,4.119,12.5,0.2481,0.1401,0.305,6667.0,,,,,,Q1,
ESS,"Essex Property Trust, Inc.",Real Estate,Consumer,1.981,18.615,0.0771,0.2089,0.706,1686.0,6.0,9.0,1.0,8.0,7.0,Q1,High
EL,"Estee Lauder Companies, Inc. (T",Consumer Defensive,Consumer,15.049,33.803,0.0474,0.0121,1.274,37950.0,5.0,10.0,10.0,10.0,10.0,Q2,High
EG,"Everest Group, Ltd.",Financial Services,Finance,16.825,14.373,0.1257,0.1138,0.277,3064.0,8.0,3.0,3.0,8.0,5.0,Q1,Medium
EVRG,"Evergy, Inc.",Utilities,Industrials & Energy,6.094,18.395,0.0925,0.1519,0.51,4691.0,7.0,4.0,1.0,4.0,3.0,Q1,Low
P,"Everpure, Inc.",Technology,Tech & Comms,4.262,34.702,0.1771,0.0594,1.434,6400.0,1.0,9.0,6.0,8.0,7.0,Q2,High
ES,Eversource Energy (D/B/A),Utilities,Industrials & Energy,13.998,25.508,0.0902,0.1035,0.698,10731.0,7.0,6.0,7.0,3.0,5.0,Q2,Medium
EXC,Exelon Corporation,Utilities,Industrials & Energy,25.326,43.343,0.0971,0.1099,0.389,20571.0,3.0,1.0,5.0,6.0,2.0,Q2,Low
EXE,Expand Energy Corporation,Energy,Industrials & Energy,12.658,20.254,0.1489,0.2197,0.323,1600.0,5.0,8.0,3.0,8.0,7.0,Q1,High
EXPE,"Expedia Group, Inc.",Consumer Cyclical,Consumer,15.7,33.528,0.8949,0.1297,1.25,16000.0,5.0,10.0,9.0,10.0,10.0,Q2,High
EXPD,Expeditors International of Was,Industrials,Industrials & Energy,12.036,24.82,0.4267,0.0763,1.058,20389.0,8.0,1.0,7.0,2.0,2.0,Q2,Low
EXR,Extra Space Storage Inc,Real Estate,Consumer,3.511,30.172,0.0695,0.2728,1.176,8393.0,3.0,9.0,6.0,9.0,8.0,Q2,High
XOM,ExxonMobil Holdings Corporation,Energy,Industrials & Energy,361.06,672.462,0.1258,0.0907,0.175,57900.0,9.0,7.0,9.0,1.0,7.0,Q4,High
FFIV,"F5, Inc.",Technology,Tech & Comms,3.309,24.465,0.1983,0.2195,1.03,6512.0,4.0,5.0,7.0,4.0,5.0,Q2,Medium
FDS,FactSet Research Systems Inc.,Financial Services,Finance,2.438,10.095,0.2703,0.2321,0.711,12694.0,10.0,4.0,8.0,4.0,8.0,Q1,High
FICO,Fair Isaac Corporation,Technology,Tech & Comms,2.394,20.511,,0.3405,1.318,3876.0,6.0,6.0,6.0,4.0,5.0,Q1,Medium
FAST,Fastenal Company,Industrials,Industrials & Energy,8.749,56.239,0.3433,0.1545,0.713,22230.0,2.0,6.0,9.0,1.0,5.0,Q3,Medium
FRT,Federal Realty Investment Trust,Real Estate,Consumer,1.335,9.696,0.1255,0.3266,0.919,314.0,7.0,1.0,2.0,8.0,4.0,Q1,Medium
FDX,FedEx Corporation,Industrials,Industrials & Energy,94.72,71.865,0.1485,0.0468,1.364,300000.0,3.0,5.0,10.0,6.0,9.0,Q3,High
FDXF,"FedEx Freight Holding Company, ",Industrials,Industrials & Energy,8.795,17.962,0.6909,0.0745,,40000.0,,,,,,Q1,
FERG,Ferguson Enterprises Inc.,Industrials,Industrials & Energy,31.446,41.482,,0.0632,1.112,35000.0,6.0,3.0,3.0,2.0,1.0,Q2,Low
FIS,Fidelity National Information S,Technology,Tech & Comms,12.2,18.369,0.2235,0.2765,0.801,44000.0,10.0,3.0,10.0,6.0,9.0,Q1,High
FITB,Fifth Third Bancorp,Financial Services,Finance,10.095,47.984,0.0844,0.2324,0.913,25197.0,7.0,8.0,4.0,9.0,9.0,Q3,High
FSLR,"First Solar, Inc.",Technology,Tech & Comms,5.378,21.06,0.1851,0.3246,1.733,7900.0,5.0,9.0,8.0,7.0,8.0,Q1,High
FE,FirstEnergy Corp.,Utilities,Industrials & Energy,15.636,26.189,0.0949,0.0694,0.441,11186.0,6.0,5.0,3.0,3.0,3.0,Q2,Low
FISV,"Fiserv, Inc.",,,,25.094,,,,,,,,,,Q2,
FLEX,Flex Ltd.,Technology,Tech & Comms,29.267,40.084,0.1838,0.0333,1.654,149686.0,1.0,5.0,10.0,8.0,9.0,Q2,High
F,Ford Motor Company,Consumer Cyclical,Consumer,187.973,52.676,-0.1825,-0.0394,1.835,169000.0,10.0,10.0,8.0,10.0,10.0,Q3,High
FTNT,"Fortinet, Inc.",Technology,Tech & Comms,7.527,124.614,1.1744,0.2817,1.059,15472.0,1.0,7.0,8.0,5.0,6.0,Q4,Medium
FTV,Fortive Corporation,Technology,Tech & Comms,4.316,16.611,0.0732,0.1238,0.973,10000.0,2.0,1.0,9.0,7.0,6.0,Q1,Medium
FOXA,Fox Corporation,Communication Services,Tech & Comms,17.126,27.177,0.1429,0.0984,0.559,10550.0,3.0,10.0,6.0,10.0,10.0,Q2,High
FOX,Fox Corporation,Communication Services,Tech & Comms,17.126,24.347,0.1429,0.0984,0.559,10550.0,,,,,,Q2,
BEN,"Franklin Templeton, Inc.",Financial Services,Finance,9.324,16.772,0.0789,0.0872,1.57,10100.0,7.0,6.0,7.0,4.0,6.0,Q1,Medium
FCX,"Freeport-McMoRan, Inc.",Basic Materials,Industrials & Energy,25.868,102.733,0.1475,0.1139,1.401,29000.0,4.0,5.0,2.0,6.0,3.0,Q4,Low
GRMN,Garmin Ltd.,Technology,Tech & Comms,7.671,52.853,0.2189,0.2447,0.866,23000.0,7.0,9.0,8.0,7.0,8.0,Q3,High
IT,"Gartner, Inc.",Technology,Tech & Comms,6.464,11.732,1.1358,0.12,0.953,19285.0,1.0,7.0,4.0,2.0,3.0,Q1,Low
GE,GE Aerospace,Industrials,Industrials & Energy,50.639,326.075,0.4823,0.1772,1.35,57000.0,9.0,6.0,8.0,3.0,7.0,Q4,High
GEHC,GE HealthCare Technologies Inc.,Healthcare,Healthcare,21.266,28.967,0.1938,0.0933,0.821,54000.0,1.0,5.0,5.0,5.0,3.0,Q2,Low
GEV,GE Vernova Inc.,Industrials,Industrials & Energy,41.367,250.441,0.8258,0.2303,0.967,78000.0,10.0,3.0,6.0,8.0,7.0,Q4,High
GEN,Gen Digital Inc.,Technology,Tech & Comms,5.079,17.365,0.4194,0.2073,1.215,3900.0,8.0,8.0,10.0,2.0,9.0,Q1,High
GNRC,Generac Holdlings Inc.,Industrials,Industrials & Energy,4.439,12.252,0.0949,0.0582,1.913,9400.0,5.0,9.0,8.0,9.0,9.0,Q1,High
GD,General Dynamics Corporation,Industrials,Industrials & Energy,54.861,95.52,0.178,0.0818,0.321,117000.0,7.0,4.0,3.0,3.0,2.0,Q4,Low
GIS,"General Mills, Inc.",Consumer Defensive,Consumer,18.425,19.418,-0.0103,-0.0047,-0.025,30000.0,9.0,5.0,3.0,8.0,7.0,Q1,High
GM,General Motors Company,Consumer Cyclical,Consumer,185.528,74.346,0.0316,0.0105,1.321,156000.0,4.0,8.0,6.0,4.0,6.0,Q3,Medium
GPC,Genuine Parts Company,Consumer Cyclical,Consumer,25.072,17.657,0.0071,0.0013,0.656,65000.0,5.0,8.0,8.0,4.0,7.0,Q1,High
GILD,"Gilead Sciences, Inc.",Healthcare,Healthcare,30.457,186.13,-0.2068,-0.1064,0.35,17000.0,9.0,5.0,8.0,2.0,5.0,Q4,Medium
GPN,Global Payments Inc.,Industrials,Industrials & Energy,10.207,22.508,0.0243,-0.0915,0.785,26000.0,2.0,3.0,10.0,2.0,8.0,Q2,High
GL,Globe Life Inc.,Financial Services,Finance,6.192,13.327,0.2094,0.1958,0.462,3695.0,2.0,6.0,9.0,3.0,6.0,Q1,Medium
GDDY,GoDaddy Inc.,Technology,Tech & Comms,5.104,12.343,4.4286,0.1783,0.94,5845.0,2.0,2.0,2.0,7.0,3.0,Q1,Low
GS,"Goldman Sachs Group, Inc. (The)",Financial Services,Finance,67.57,274.283,0.169,0.3104,1.283,46200.0,6.0,9.0,10.0,7.0,9.0,Q4,High
HAL,Halliburton Company,Energy,Industrials & Energy,22.373,28.027,0.1492,0.0716,0.769,46000.0,9.0,6.0,1.0,2.0,3.0,Q2,Low
HIG,"The Hartford Insurance Group, I",Financial Services,Finance,29.315,35.725,0.2206,0.1489,0.45,19200.0,8.0,3.0,4.0,7.0,5.0,Q2,Medium
HAS,"Hasbro, Inc.",Consumer Cyclical,Consumer,4.973,12.351,1.5956,0.1597,0.466,4520.0,10.0,2.0,1.0,8.0,5.0,Q1,Medium
HCA,"HCA Healthcare, Inc.",Healthcare,Healthcare,78.013,92.6,,0.0877,1.109,230000.0,8.0,9.0,4.0,3.0,6.0,Q3,Medium
DOC,"Healthpeak Properties, Inc.",Real Estate,Consumer,2.95,14.413,0.0304,0.0825,0.989,411.0,2.0,4.0,3.0,8.0,4.0,Q1,Medium
HSIC,"Henry Schein, Inc.",Healthcare,Healthcare,13.602,9.455,0.0885,0.0296,0.812,25000.0,4.0,8.0,6.0,4.0,5.0,Q1,Medium
HSY,The Hershey Company,Consumer Defensive,Consumer,12.164,34.115,0.3281,0.1224,0.097,17550.0,5.0,7.0,7.0,10.0,9.0,Q2,High
HPE,Hewlett Packard Enterprise Comp,Technology,Tech & Comms,41.871,80.657,0.1094,0.0667,1.442,67000.0,2.0,1.0,9.0,6.0,7.0,Q3,High
HLT,Hilton Worldwide Holdings Inc.,Consumer Cyclical,Consumer,5.104,68.809,,0.3103,1.056,182000.0,4.0,7.0,7.0,5.0,6.0,Q3,Medium
HD,"Home Depot, Inc. (The)",Consumer Cyclical,Consumer,169.176,299.287,1.043,0.0841,0.955,470000.0,5.0,5.0,6.0,1.0,2.0,Q4,Low
HONA,Honeywell Aerospace Inc.,Industrials,Industrials & Energy,17.915,51.853,,0.1086,,30000.0,,,,,,Q3,
HON,Honeywell International Inc.,Industrials,Industrials & Energy,38.057,65.435,0.4658,0.2158,0.901,101000.0,1.0,5.0,8.0,4.0,4.0,Q3,Medium
HRL,Hormel Foods Corporation,Consumer Defensive,Consumer,12.147,11.464,0.0429,0.0282,0.315,20000.0,9.0,3.0,7.0,8.0,7.0,Q1,High
HST,"Host Hotels & Resorts, Inc.",Real Estate,Consumer,6.234,15.173,0.1556,0.1647,1.101,162.0,2.0,8.0,1.0,9.0,7.0,Q1,High
HWM,Howmet Aerospace Inc.,Industrials,Industrials & Energy,9.117,91.593,0.3473,0.2052,1.186,25430.0,7.0,5.0,10.0,4.0,9.0,Q3,High
HPQ,HP Inc.,Technology,Tech & Comms,59.162,31.022,,0.0414,1.205,55000.0,5.0,2.0,5.0,3.0,1.0,Q2,Low
HUBB,Hubbell Inc,Industrials,Industrials & Energy,6.224,23.612,0.2444,0.1449,0.889,19400.0,1.0,8.0,3.0,3.0,3.0,Q2,Low
HUM,Humana Inc.,Healthcare,Healthcare,145.679,46.377,0.0689,0.0088,0.745,67060.0,2.0,2.0,5.0,2.0,1.0,Q3,Low
HBAN,Huntington Bancshares Incorpora,Financial Services,Finance,9.177,32.084,0.09,0.2613,0.941,25527.0,3.0,8.0,3.0,9.0,9.0,Q2,High
HII,"Huntington Ingalls Industries, ",Industrials,Industrials & Energy,13.185,10.752,0.1297,0.0501,0.225,45000.0,8.0,4.0,5.0,2.0,3.0,Q1,Low
IBM,International Business Machines,Technology,Tech & Comms,69.095,216.267,0.3446,0.1552,0.708,264300.0,8.0,7.0,3.0,4.0,6.0,Q4,Medium
IEX,IDEX Corporation,Industrials,Industrials & Energy,3.585,16.493,0.1295,0.1449,0.972,8700.0,6.0,2.0,8.0,9.0,7.0,Q1,High
IDXX,"IDEXX Laboratories, Inc.",Healthcare,Healthcare,4.553,40.308,0.7421,0.2503,1.538,11000.0,4.0,7.0,5.0,7.0,7.0,Q2,High
ITW,Illinois Tool Works Inc.,Industrials,Industrials & Energy,16.469,76.731,1.0462,0.1939,0.997,43000.0,7.0,6.0,5.0,3.0,4.0,Q3,Medium
ILMN,"Illumina, Inc.",Healthcare,Healthcare,4.494,36.183,0.3234,0.1834,1.467,8600.0,2.0,1.0,6.0,2.0,2.0,Q2,Low
INCY,Incyte Corporation,Healthcare,Healthcare,5.82,25.4,0.3067,0.2771,0.77,2844.0,10.0,4.0,9.0,6.0,8.0,Q2,High
IR,Ingersoll Rand Inc.,Industrials,Industrials & Energy,7.942,27.87,0.0947,0.1208,1.147,21000.0,5.0,7.0,3.0,5.0,5.0,Q2,Medium
PODD,Insulet Corporation,Healthcare,Healthcare,3.053,9.751,0.2602,0.1229,1.079,5400.0,1.0,2.0,7.0,10.0,8.0,Q1,High
INTC,Intel Corporation,Technology,Tech & Comms,57.032,574.071,-0.1071,-0.1979,2.231,85100.0,8.0,4.0,9.0,2.0,7.0,Q4,High
IBKR,"Interactive Brokers Group, Inc.",Financial Services,Finance,6.835,154.519,0.2402,0.1647,1.349,3265.0,4.0,10.0,9.0,10.0,10.0,Q4,High
ICE,Intercontinental Exchange Inc.,Financial Services,Finance,10.558,87.28,0.1409,0.3825,0.934,12725.0,2.0,5.0,5.0,3.0,3.0,Q3,Low
IFF,International Flavors & Fragran,Basic Materials,Industrials & Energy,10.781,21.167,-0.0555,0.0257,0.953,21500.0,5.0,1.0,9.0,6.0,6.0,Q1,Medium
IP,International Paper Company,Consumer Cyclical,Consumer,24.203,18.286,-0.1648,-0.1421,0.883,62602.0,5.0,8.0,2.0,2.0,3.0,Q1,Low
INTU,Intuit Inc.,Technology,Tech & Comms,21.448,81.023,0.236,0.2129,0.976,18600.0,1.0,4.0,4.0,2.0,1.0,Q3,Low
ISRG,"Intuitive Surgical, Inc.",Healthcare,Healthcare,11.034,140.922,0.1742,0.2845,1.465,17021.0,1.0,6.0,6.0,4.0,4.0,Q4,Medium
IVZ,Invesco Ltd,Financial Services,Finance,6.902,13.479,-0.0057,-0.0093,1.605,7405.0,9.0,4.0,2.0,4.0,3.0,Q1,Low
INVH,Invitation Homes Inc.,Real Estate,Consumer,2.848,15.894,0.0705,0.232,0.831,1725.0,2.0,1.0,8.0,9.0,7.0,Q1,High
IQV,"IQVIA Holdings, Inc.",Healthcare,Healthcare,16.983,43.853,0.2282,0.081,1.186,94000.0,1.0,6.0,8.0,7.0,6.0,Q2,Medium
IRM,Iron Mountain Incorporated (Del,Real Estate,Consumer,7.562,34.039,,0.0554,1.204,29400.0,1.0,3.0,5.0,5.0,2.0,Q2,Low
JBHT,"J.B. Hunt Transport Services, I",Industrials,Industrials & Energy,12.701,22.0,0.1845,0.0531,1.289,31750.0,10.0,9.0,3.0,4.0,8.0,Q1,High
JBL,Jabil Inc.,Technology,Tech & Comms,33.59,31.391,0.6588,0.0257,1.292,135000.0,9.0,10.0,4.0,5.0,8.0,Q2,High
JKHY,"Jack Henry & Associates, Inc.",Technology,Tech & Comms,2.544,10.857,0.2404,0.1976,0.564,7300.0,1.0,2.0,1.0,5.0,1.0,Q1,Low
J,Jacobs Solutions Inc.,Industrials,Industrials & Energy,14.219,16.783,0.08,0.0238,0.679,47000.0,2.0,6.0,2.0,5.0,4.0,Q1,Medium
JNJ,Johnson & Johnson,Healthcare,Healthcare,97.929,650.648,0.2574,0.2148,0.235,138200.0,4.0,7.0,4.0,3.0,4.0,Q4,Medium
JCI,Johnson Controls International ,Industrials,Industrials & Energy,24.995,86.791,0.1433,0.1432,1.304,87000.0,5.0,2.0,4.0,7.0,3.0,Q3,Low
JPM,JP Morgan Chase & Co.,Financial Services,Finance,186.328,929.488,0.1779,0.3492,0.975,320560.0,6.0,6.0,4.0,3.0,3.0,Q4,Low
KVUE,Kenvue Inc.,Consumer Defensive,Consumer,15.408,34.209,0.1558,0.1076,0.426,21780.0,4.0,3.0,6.0,7.0,5.0,Q2,Medium
KDP,Keurig Dr Pepper Inc.,Consumer Defensive,Consumer,20.09,42.131,0.051,0.071,0.414,50000.0,9.0,3.0,6.0,9.0,8.0,Q2,High
KEY,KeyCorp,Financial Services,Finance,7.371,22.207,0.1033,0.2754,1.023,17493.0,3.0,7.0,8.0,2.0,6.0,Q2,Medium
KEYS,Keysight Technologies Inc.,Technology,Tech & Comms,6.582,57.032,0.209,0.1914,1.208,16600.0,6.0,4.0,3.0,8.0,6.0,Q3,Medium
KMB,Kimberly-Clark Corporation,Consumer Defensive,Consumer,16.582,32.546,1.0491,0.1179,0.273,36000.0,3.0,5.0,6.0,4.0,4.0,Q2,Medium
KIM,Kimco Realty Corporation (HC),Real Estate,Consumer,2.187,15.113,0.0581,0.2776,0.956,710.0,3.0,5.0,3.0,8.0,5.0,Q1,Medium
KMI,"Kinder Morgan, Inc.",Energy,Industrials & Energy,17.959,70.901,0.1099,0.193,0.551,11028.0,8.0,9.0,3.0,7.0,8.0,Q3,High
KKR,KKR & Co. Inc.,Financial Services,Finance,25.833,91.26,0.0728,0.122,1.791,5043.0,,,,,,Q3,
KLAC,KLA Corporation,Technology,Tech & Comms,13.579,231.246,0.875,0.3557,1.444,17000.0,3.0,2.0,4.0,8.0,5.0,Q4,Medium
KHC,The Kraft Heinz Company,Consumer Defensive,Consumer,24.9,28.97,-0.0876,-0.1364,0.082,35000.0,5.0,2.0,6.0,3.0,2.0,Q2,Low
KR,Kroger Company (The),Consumer Defensive,Consumer,149.326,35.76,0.1444,0.0073,0.406,400000.0,4.0,7.0,7.0,7.0,7.0,Q2,High
LHX,"L3Harris Technologies, Inc.",Industrials,Industrials & Energy,22.932,46.049,0.0934,0.0817,0.506,45000.0,2.0,3.0,8.0,7.0,6.0,Q3,Medium
LH,Labcorp Holdings Inc.,Healthcare,Healthcare,14.348,26.01,0.1173,0.0699,0.851,71000.0,3.0,7.0,3.0,1.0,1.0,Q2,Low
LRCX,Lam Research Corporation,Technology,Tech & Comms,23.233,360.518,0.6507,0.3127,1.859,23300.0,3.0,2.0,4.0,1.0,1.0,Q4,Low
LVS,Las Vegas Sands Corp.,Consumer Cyclical,Consumer,13.719,25.895,1.2287,0.1259,0.819,41000.0,4.0,10.0,9.0,9.0,9.0,Q2,High
LDOS,"Leidos Holdings, Inc.",Technology,Tech & Comms,17.634,16.024,0.2778,0.078,0.572,50000.0,4.0,1.0,5.0,2.0,1.0,Q1,Low
LEN,Lennar Corporation,Consumer Cyclical,Consumer,31.973,18.412,0.0596,0.0409,1.398,12532.0,4.0,10.0,7.0,10.0,9.0,Q1,High
LII,"Lennox International, Inc.",Industrials,Industrials & Energy,5.302,12.415,0.7176,0.1487,1.184,5400.0,3.0,3.0,7.0,9.0,8.0,Q1,High
LLY,Eli Lilly and Company,Healthcare,Healthcare,79.666,1028.115,1.0229,0.3353,0.502,50000.0,8.0,5.0,5.0,9.0,8.0,Q4,High
LIN,Linde plc,Basic Materials,Industrials & Energy,35.449,212.235,0.184,0.2044,0.727,64649.0,10.0,8.0,1.0,4.0,5.0,Q4,Medium
LYV,"Live Nation Entertainment, Inc.",Communication Services,Tech & Comms,26.273,38.932,0.1768,0.0051,1.116,17700.0,10.0,5.0,9.0,9.0,9.0,Q2,High
LMT,Lockheed Martin Corporation,Industrials,Industrials & Energy,77.014,123.099,0.8917,0.0816,0.104,123000.0,1.0,9.0,4.0,7.0,6.0,Q4,Medium
L,Loews Corporation,Financial Services,Finance,18.694,22.031,0.0931,0.0902,0.507,13100.0,10.0,9.0,8.0,4.0,9.0,Q1,High
LOW,"Lowe's Companies, Inc.",Consumer Cyclical,Consumer,90.432,107.997,,0.0735,0.846,300000.0,4.0,5.0,5.0,3.0,3.0,Q4,Low
LULU,lululemon athletica inc.,Consumer Cyclical,Consumer,11.094,10.856,0.309,0.1278,0.864,39000.0,7.0,8.0,10.0,9.0,10.0,Q1,High
LITE,Lumentum Holdings Inc.,Technology,Tech & Comms,3.014,83.503,-2.4003,-2.301,1.541,13757.0,4.0,6.0,9.0,7.0,9.0,Q3,High
LYB,LyondellBasell Industries NV,Basic Materials,Industrials & Energy,31.192,20.006,-0.0227,-0.0113,0.353,18970.0,1.0,2.0,1.0,2.0,1.0,Q1,Low
MTB,M&T Bank Corporation,Financial Services,Finance,9.451,32.827,0.1074,0.3209,0.563,21662.0,6.0,9.0,4.0,6.0,7.0,Q2,High
MPC,Marathon Petroleum Corporation,Energy,Industrials & Energy,154.146,119.32,0.421,0.0555,0.527,18500.0,7.0,4.0,1.0,9.0,6.0,Q4,Medium
MAR,Marriott International,Consumer Cyclical,Consumer,7.385,88.379,,0.3503,1.104,414000.0,5.0,5.0,5.0,9.0,7.0,Q3,High
MRSH,Marsh,Financial Services,Finance,27.947,83.517,0.259,0.1424,0.577,95000.0,2.0,3.0,8.0,5.0,5.0,Q3,Medium
MLM,"Martin Marietta Materials, Inc.",Basic Materials,Industrials & Energy,6.688,34.845,0.0889,0.3674,1.101,9600.0,6.0,6.0,5.0,8.0,7.0,Q2,High
MRVL,"Marvell Technology, Inc.",Technology,Tech & Comms,9.45,219.509,0.1652,0.2793,2.253,7480.0,7.0,8.0,10.0,1.0,9.0,Q4,High
MAS,Masco Corporation,Industrials,Industrials & Energy,7.62,13.421,58.625,0.1161,1.294,18000.0,9.0,4.0,7.0,7.0,7.0,Q1,High
MA,Mastercard Incorporated,Financial Services,Finance,35.083,495.156,2.412,0.4634,0.735,39800.0,4.0,2.0,5.0,3.0,2.0,Q4,Low
MKC,"McCormick & Company, Incorporat",Consumer Defensive,Consumer,7.386,13.098,0.2473,0.2191,0.634,14100.0,4.0,10.0,4.0,10.0,10.0,Q1,High
MCD,McDonald's Corporation,Consumer Cyclical,Consumer,27.702,175.665,,0.3172,0.414,150000.0,6.0,5.0,2.0,7.0,5.0,Q4,Medium
MCK,McKesson Corporation,Healthcare,Healthcare,410.983,101.976,,0.0112,0.307,41600.0,9.0,6.0,1.0,4.0,4.0,Q4,Medium
MDT,Medtronic plc.,Healthcare,Healthcare,37.542,117.847,0.1065,0.1393,0.574,95000.0,8.0,7.0,6.0,6.0,7.0,Q4,High
MRK,"Merck & Company, Inc.",Healthcare,Healthcare,66.569,362.353,0.0696,0.0477,0.226,73000.0,7.0,7.0,3.0,2.0,3.0,Q4,Low
META,"Meta Platforms, Inc.",Communication Services,Tech & Comms,228.247,1696.002,0.2985,0.2983,1.243,75472.0,9.0,10.0,10.0,10.0,10.0,Q4,High
MET,"MetLife, Inc.",Financial Services,Finance,79.398,61.667,0.1309,0.0457,0.759,46000.0,4.0,3.0,1.0,9.0,4.0,Q3,Medium
MTD,"Mettler-Toledo International, I",Healthcare,Healthcare,4.134,27.897,,0.2191,1.22,16600.0,2.0,1.0,6.0,5.0,2.0,Q2,Low
MGM,MGM Resorts International,Consumer Cyclical,Consumer,17.761,9.674,0.1892,0.024,1.282,60000.0,10.0,2.0,4.0,1.0,1.0,Q1,Low
MCHP,Microchip Technology Incorporat,Technology,Tech & Comms,5.122,39.786,0.0719,0.0934,1.736,17900.0,6.0,9.0,9.0,2.0,8.0,Q2,High
MU,"Micron Technology, Inc.",Technology,Tech & Comms,90.274,1147.238,0.6664,0.5591,2.222,53000.0,1.0,7.0,6.0,1.0,2.0,Q4,Low
MSFT,Microsoft Corporation,Technology,Tech & Comms,331.839,3666.586,0.3404,0.4031,1.108,223000.0,9.0,7.0,5.0,2.0,5.0,Q4,Medium
MAA,Mid-America Apartment Communiti,Real Estate,Consumer,2.219,14.148,0.0705,0.1817,0.715,2507.0,5.0,6.0,1.0,1.0,1.0,Q1,Low
MRNA,"Moderna, Inc.",Healthcare,Healthcare,2.228,61.498,-0.39,-1.4143,1.106,4700.0,7.0,7.0,10.0,9.0,10.0,Q3,High
MDLZ,"Mondelez International, Inc.",Consumer Defensive,Consumer,39.675,77.663,0.1334,0.0886,0.402,91000.0,3.0,7.0,4.0,4.0,4.0,Q3,Medium
MPWR,"Monolithic Power Systems, Inc.",Technology,Tech & Comms,3.273,59.846,0.2198,0.245,1.664,4501.0,10.0,8.0,4.0,9.0,9.0,Q3,High
MNST,Monster Beverage Corporation,Consumer Defensive,Consumer,9.219,87.589,0.257,0.2308,0.515,5773.0,8.0,9.0,7.0,1.0,6.0,Q3,Medium
MCO,Moody's Corporation,Financial Services,Finance,8.16,81.151,0.7693,0.3425,1.334,16000.0,2.0,3.0,6.0,4.0,3.0,Q3,Low
MS,Morgan Stanley,Financial Services,Finance,77.828,318.165,0.1797,0.259,1.207,83000.0,6.0,5.0,5.0,7.0,6.0,Q4,Medium
MOS,Mosaic Company (The),Basic Materials,Industrials & Energy,12.248,7.782,-0.0507,-0.0521,0.831,13000.0,9.0,1.0,2.0,5.0,2.0,Q1,Low
MSI,"Motorola Solutions, Inc.",Technology,Tech & Comms,12.237,75.907,0.9157,0.1744,0.881,23000.0,1.0,8.0,1.0,1.0,1.0,Q3,Low
MSCI,MSCI Inc.,Financial Services,Finance,3.334,40.194,,0.4073,1.219,6327.0,1.0,5.0,7.0,7.0,6.0,Q2,Medium
NDAQ,"Nasdaq, Inc.",Financial Services,Finance,5.614,52.287,0.1652,0.3504,0.974,9630.0,1.0,4.0,4.0,4.0,2.0,Q3,Low
NTAP,"NetApp, Inc.",Technology,Tech & Comms,7.391,38.85,1.1482,0.1918,1.432,11700.0,1.0,1.0,7.0,3.0,2.0,Q2,Low
NFLX,"Netflix, Inc.",Communication Services,Tech & Comms,48.371,298.929,0.4954,0.2822,1.526,16000.0,10.0,3.0,6.0,5.0,5.0,Q4,Medium
NEM,Newmont Corporation,Basic Materials,Industrials & Energy,25.767,130.036,0.2591,0.3336,0.543,17500.0,5.0,1.0,1.0,6.0,1.0,Q4,Low
NWSA,News Corporation,Communication Services,Tech & Comms,9.028,15.964,0.0798,0.0635,0.923,21700.0,7.0,10.0,8.0,10.0,10.0,Q1,High
NWS,News Corporation,Communication Services,Tech & Comms,9.028,17.518,0.0798,0.0635,0.923,21700.0,,,,,,Q1,
NEE,"NextEra Energy, Inc.",Utilities,Industrials & Energy,28.7,167.859,0.1168,0.324,0.644,17400.0,7.0,6.0,7.0,3.0,5.0,Q4,Medium
NKE,"Nike, Inc.",Consumer Cyclical,Consumer,46.398,52.679,0.2214,0.067,1.11,73000.0,9.0,9.0,10.0,10.0,10.0,Q3,High
NI,NiSource Inc,Utilities,Industrials & Energy,6.882,19.461,0.0855,0.1315,0.54,7668.0,7.0,3.0,5.0,5.0,4.0,Q1,Medium
NDSN,Nordson Corporation,Industrials,Industrials & Energy,2.98,17.354,0.1776,0.1863,0.972,8200.0,8.0,3.0,6.0,10.0,9.0,Q1,High
NSC,Norfolk Southern Corporation,Industrials,Industrials & Energy,12.54,70.563,0.1699,0.2102,1.268,19300.0,10.0,1.0,3.0,6.0,4.0,Q3,Medium
NTRS,Northern Trust Corporation,Financial Services,Finance,9.086,32.546,0.1707,0.2467,1.257,23600.0,5.0,9.0,2.0,3.0,5.0,Q2,Medium
NOC,Northrop Grumman Corporation,Industrials,Industrials & Energy,42.892,74.923,0.2696,0.1048,-0.11,95000.0,10.0,4.0,3.0,2.0,3.0,Q3,Low
NCLH,Norwegian Cruise Line Holdings ,Consumer Cyclical,Consumer,10.154,6.484,0.3673,0.0749,1.881,44500.0,5.0,9.0,5.0,3.0,5.0,Q1,Medium
NRG,"NRG Energy, Inc.",Utilities,Industrials & Energy,33.125,21.79,0.2377,0.0256,1.173,16702.0,4.0,2.0,5.0,5.0,2.0,Q1,Low
NUE,Nucor Corporation,Basic Materials,Industrials & Energy,36.101,56.351,0.1455,0.0799,1.881,33000.0,9.0,7.0,2.0,8.0,8.0,Q3,High
NVDA,NVIDIA Corporation,Technology,Tech & Comms,302.97,5367.154,1.1721,0.6366,2.217,42000.0,5.0,10.0,4.0,6.0,8.0,Q4,High
NVR,"NVR, Inc.",Consumer Cyclical,Consumer,9.631,16.472,0.3154,0.1185,0.913,6300.0,10.0,8.0,7.0,6.0,8.0,Q1,High
NXPI,NXP Semiconductors N.V.,Technology,Tech & Comms,13.185,57.491,0.2792,0.2256,1.817,32169.0,2.0,2.0,2.0,4.0,1.0,Q3,Low
ORLY,"O'Reilly Automotive, Inc.",Consumer Cyclical,Consumer,18.573,68.527,,0.1427,0.515,95822.0,10.0,8.0,8.0,7.0,8.0,Q3,High
OXY,Occidental Petroleum Corporatio,Energy,Industrials & Energy,23.926,58.819,0.1063,0.3032,0.164,10412.0,7.0,3.0,1.0,1.0,1.0,Q3,Low
ODFL,"Old Dominion Freight Line, Inc.",Industrials,Industrials & Energy,5.603,35.979,0.2482,0.1944,1.165,20173.0,5.0,9.0,2.0,9.0,9.0,Q2,High
OMC,Omnicom Group Inc.,Communication Services,Tech & Comms,22.371,21.007,0.0605,0.0174,0.673,120000.0,7.0,9.0,10.0,1.0,9.0,Q1,High
ON,ON Semiconductor Corporation,Technology,Tech & Comms,6.198,27.245,0.0831,0.1017,1.997,22600.0,5.0,3.0,1.0,6.0,2.0,Q2,Low
OKE,"ONEOK, Inc.",Energy,Industrials & Energy,39.366,58.918,0.1628,0.0929,0.719,6326.0,6.0,2.0,2.0,8.0,4.0,Q3,Medium
ORCL,Oracle Corporation,Technology,Tech & Comms,71.776,446.334,0.4119,0.2636,1.732,141000.0,1.0,10.0,10.0,5.0,9.0,Q4,High
OTIS,Otis Worldwide Corporation,Industrials,Industrials & Energy,14.911,26.083,,0.1017,0.875,72000.0,2.0,3.0,4.0,4.0,2.0,Q2,Low
PCAR,PACCAR Inc.,Industrials,Industrials & Energy,27.816,61.09,0.1276,0.09,0.972,25900.0,2.0,9.0,4.0,5.0,6.0,Q3,Medium
PKG,Packaging Corporation of Americ,Consumer Cyclical,Consumer,9.535,20.739,0.1489,0.0726,0.797,16800.0,10.0,8.0,1.0,4.0,6.0,Q1,Medium
PLTR,Palantir Technologies Inc.,Technology,Tech & Comms,6.156,426.879,0.381,0.4901,1.621,4401.0,7.0,10.0,10.0,10.0,10.0,Q4,High
PANW,"Palo Alto Networks, Inc.",Technology,Tech & Comms,11.48,297.408,0.0174,0.0267,0.908,21921.0,1.0,9.0,10.0,9.0,9.0,Q4,High
PSKY,Paramount Skydance Corporation,Communication Services,Tech & Comms,29.11,11.455,-0.009,-0.0213,1.52,17600.0,9.0,10.0,8.0,10.0,10.0,Q1,High
PH,Parker-Hannifin Corporation,Industrials,Industrials & Energy,21.499,118.992,0.2508,0.1697,1.123,59850.0,8.0,4.0,6.0,8.0,7.0,Q4,High
PAYX,"Paychex, Inc.",Technology,Tech & Comms,6.512,41.344,0.4477,0.2703,0.808,17600.0,1.0,6.0,5.0,2.0,3.0,Q2,Low
PYPL,"PayPal Holdings, Inc.",Financial Services,Finance,34.128,44.835,0.245,0.1436,1.286,23800.0,1.0,4.0,3.0,6.0,2.0,Q3,Low
PNR,Pentair plc.,Industrials,Industrials & Energy,4.012,8.925,0.1713,0.1624,1.018,9000.0,6.0,4.0,8.0,4.0,5.0,Q1,Medium
PEP,"Pepsico, Inc.",Consumer Defensive,Consumer,96.904,177.239,0.5151,0.1079,0.361,306000.0,8.0,4.0,5.0,3.0,3.0,Q4,Low
PFE,"Pfizer, Inc.",Healthcare,Healthcare,63.696,157.653,0.0501,0.068,0.299,75000.0,7.0,7.0,9.0,1.0,7.0,Q4,High
PCG,Pacific Gas & Electric Co.,Utilities,Industrials & Energy,25.837,39.631,0.0932,0.1183,0.245,29010.0,5.0,2.0,8.0,1.0,1.0,Q2,Low
PM,Philip Morris International Inc,Consumer Defensive,Consumer,42.545,293.986,,0.2556,0.395,84900.0,2.0,5.0,1.0,5.0,2.0,Q4,Low
PSX,Phillips 66,Energy,Industrials & Energy,152.167,109.507,0.2345,0.0466,0.704,12600.0,8.0,8.0,3.0,9.0,8.0,Q4,High
PNW,Pinnacle West Capital Corporati,Utilities,Industrials & Energy,5.554,11.418,0.0936,0.1153,0.437,6610.0,3.0,8.0,3.0,6.0,5.0,Q1,Medium
PNC,"PNC Financial Services Group, I",Financial Services,Finance,24.319,93.022,0.1262,0.3137,0.889,55704.0,3.0,6.0,2.0,5.0,3.0,Q3,Low
PPG,"PPG Industries, Inc.",Basic Materials,Industrials & Energy,16.421,23.235,0.193,0.0957,1.063,43500.0,4.0,7.0,4.0,5.0,5.0,Q2,Medium
PPL,PPL Corporation,Utilities,Industrials & Energy,9.398,25.09,0.0863,0.1347,0.583,6546.0,6.0,2.0,2.0,6.0,2.0,Q2,Low
PFG,Principal Financial Group Inc,Financial Services,Finance,15.693,25.194,0.1295,0.0993,0.872,19700.0,9.0,6.0,1.0,9.0,7.0,Q2,High
PG,Procter & Gamble Company (The),Consumer Defensive,Consumer,87.032,340.016,0.3029,0.1844,0.377,104000.0,8.0,5.0,1.0,5.0,3.0,Q4,Low
PGR,Progressive Corporation (The),Financial Services,Finance,91.019,123.904,0.3494,0.1285,0.259,70053.0,7.0,2.0,3.0,6.0,3.0,Q4,Low
PLD,"Prologis, Inc.",Real Estate,Consumer,9.657,131.077,0.0775,0.4358,1.316,2802.0,2.0,4.0,9.0,3.0,7.0,Q4,High
PRU,"Prudential Financial, Inc.",Financial Services,Finance,65.224,40.848,0.1201,0.0601,0.819,36607.0,2.0,4.0,4.0,1.0,1.0,Q2,Low
PEG,Public Service Enterprise Group,Utilities,Industrials & Energy,12.543,34.775,0.1183,0.1604,0.519,13189.0,4.0,4.0,1.0,6.0,2.0,Q2,Low
PTC,PTC Inc.,Technology,Tech & Comms,2.954,14.745,0.3505,0.4143,1.002,7000.0,8.0,3.0,3.0,9.0,8.0,Q1,High
PSA,Public Storage,Real Estate,Consumer,4.91,55.366,0.2193,0.4163,0.935,5770.0,2.0,8.0,1.0,6.0,4.0,Q3,Medium
PHM,"PulteGroup, Inc.",Consumer Cyclical,Consumer,16.407,22.336,0.149,0.1162,1.201,6506.0,6.0,4.0,2.0,2.0,1.0,Q2,Low
PWR,"Quanta Services, Inc.",Industrials,Industrials & Energy,32.905,95.725,0.1534,0.0403,1.2,69500.0,7.0,1.0,1.0,5.0,1.0,Q4,Low
QCOM,QUALCOMM Incorporated,Technology,Tech & Comms,44.069,189.816,0.3375,0.2101,1.679,52000.0,2.0,3.0,3.0,7.0,3.0,Q4,Low
DGX,Quest Diagnostics Incorporated,Healthcare,Healthcare,11.56,27.202,0.146,0.0919,0.549,46000.0,6.0,7.0,2.0,2.0,3.0,Q2,Low
Q,"Qnity Electronics, Inc.",Technology,Tech & Comms,5.21,25.115,0.0672,0.1125,,10000.0,10.0,4.0,4.0,3.0,4.0,Q2,Medium
RL,Ralph Lauren Corporation,Consumer Cyclical,Consumer,8.355,19.966,0.3754,0.1176,1.353,15600.0,4.0,10.0,3.0,10.0,10.0,Q1,High
RJF,"Raymond James Financial, Inc.",Financial Services,Finance,15.24,31.648,0.1842,0.1513,0.917,19500.0,9.0,8.0,3.0,5.0,7.0,Q2,High
RDDT,"Reddit, Inc.",Communication Services,Tech & Comms,2.779,29.023,0.3071,0.3135,2.022,2555.0,7.0,9.0,9.0,10.0,10.0,Q2,High
RTX,RTX Corporation,Industrials,Industrials & Energy,93.5,261.465,0.1227,0.0828,0.287,180000.0,8.0,7.0,1.0,2.0,2.0,Q4,Low
O,Realty Income Corporation,Real Estate,Consumer,6.066,53.613,0.0323,0.209,0.712,544.0,5.0,1.0,6.0,8.0,4.0,Q3,Medium
REG,Regency Centers Corporation,Real Estate,Consumer,1.686,13.639,0.0819,0.33,0.807,503.0,6.0,8.0,1.0,1.0,1.0,Q1,Low
REGN,"Regeneron Pharmaceuticals, Inc.",Healthcare,Healthcare,15.535,80.785,0.1404,0.2787,0.193,15410.0,8.0,10.0,9.0,10.0,10.0,Q3,High
RF,Regions Financial Corporation,Financial Services,Finance,7.238,24.28,0.1187,0.3084,1.003,20003.0,3.0,5.0,4.0,7.0,4.0,Q2,Medium
RSG,"Republic Services, Inc.",Industrials,Industrials & Energy,16.891,66.776,0.1815,0.1294,0.4,42000.0,6.0,1.0,6.0,2.0,1.0,Q3,Low
RMD,ResMed Inc.,Healthcare,Healthcare,5.653,32.455,0.2427,0.2695,0.766,11370.0,1.0,7.0,4.0,3.0,3.0,Q2,Low
RVTY,"Revvity, Inc.",Healthcare,Healthcare,2.912,16.007,0.0321,0.0816,1.089,11000.0,9.0,2.0,8.0,4.0,6.0,Q1,Medium
HOOD,"Robinhood Markets, Inc.",Financial Services,Finance,4.932,107.728,0.2362,0.4201,2.34,2900.0,3.0,10.0,9.0,10.0,10.0,Q4,High
ROK,"Rockwell Automation, Inc.",Industrials,Industrials & Energy,8.973,46.248,0.3063,0.1339,1.515,26000.0,7.0,4.0,2.0,10.0,8.0,Q3,High
ROL,"Rollins, Inc.",Consumer Cyclical,Consumer,3.924,15.604,0.3701,0.1355,0.736,22000.0,6.0,9.0,9.0,9.0,9.0,Q1,High
ROP,"Roper Technologies, Inc.",Technology,Tech & Comms,8.28,36.864,0.1307,0.3024,0.747,19400.0,3.0,1.0,4.0,5.0,2.0,Q2,Low
ROST,"Ross Stores, Inc.",Consumer Cyclical,Consumer,24.512,72.692,0.4263,0.1085,0.861,111000.0,9.0,2.0,6.0,4.0,3.0,Q3,Low
RCL,Royal Caribbean Cruises Ltd.,Consumer Cyclical,Consumer,18.682,65.742,0.4467,0.2354,1.75,107950.0,6.0,7.0,7.0,9.0,9.0,Q3,High
SPGI,S&P Global Inc.,Financial Services,Finance,16.122,119.488,0.1426,0.3054,1.077,44500.0,2.0,2.0,3.0,6.0,2.0,Q4,Low
CRM,"Salesforce, Inc.",Technology,Tech & Comms,43.938,195.808,0.1938,0.2199,1.202,83334.0,2.0,7.0,9.0,2.0,6.0,Q4,Medium
SNDK,Sandisk Corporation,Technology,Tech & Comms,20.248,262.357,0.9164,0.5646,,11100.0,8.0,9.0,7.0,9.0,9.0,Q4,High
SBAC,SBA Communications Corporation,Real Estate,Consumer,2.871,18.946,,0.3451,0.984,1844.0,2.0,9.0,4.0,8.0,8.0,Q1,High
SLB,SLB Limited,Energy,Industrials & Energy,36.366,75.869,0.1291,0.0853,0.774,109000.0,3.0,1.0,1.0,6.0,1.0,Q3,Low
STX,Seagate Technology Holdings PLC,Technology,Tech & Comms,12.195,195.283,3.7153,0.2611,2.087,30000.0,2.0,9.0,6.0,8.0,8.0,Q4,High
SRE,DBA Sempra,Utilities,Industrials & Energy,13.552,53.169,0.0668,0.1682,0.564,15938.0,9.0,6.0,7.0,1.0,4.0,Q3,Medium
NOW,"ServiceNow, Inc.",Technology,Tech & Comms,14.732,140.057,0.1424,0.1134,0.972,29187.0,2.0,9.0,7.0,2.0,5.0,Q4,Medium
SHW,Sherwin-Williams Company (The),Basic Materials,Industrials & Energy,24.41,77.86,0.6512,0.1101,1.089,64249.0,8.0,6.0,6.0,5.0,6.0,Q3,Medium
SPG,"Simon Property Group, Inc.",Real Estate,Consumer,6.941,77.944,1.2051,0.6657,1.312,3100.0,9.0,5.0,8.0,10.0,9.0,Q3,High
SWKS,"Skyworks Solutions, Inc.",Technology,Tech & Comms,4.014,13.356,0.0509,0.0723,1.518,10000.0,4.0,2.0,10.0,9.0,10.0,Q1,High
SJM,The J.M. Smucker Company,Consumer Defensive,Consumer,9.157,13.134,0.0393,0.0251,0.263,,7.0,4.0,8.0,8.0,8.0,Q1,High
SW,Smurfit WestRock plc,Consumer Cyclical,Consumer,31.326,23.252,0.0272,0.0159,0.931,96000.0,9.0,3.0,2.0,8.0,5.0,Q2,Medium
SNA,Snap-On Incorporated,Industrials,Industrials & Energy,5.275,19.25,0.1793,0.196,0.712,13000.0,4.0,8.0,2.0,8.0,6.0,Q1,Medium
SOLV,Solventum Corporation,Healthcare,Healthcare,8.31,15.123,0.3396,0.1726,0.687,20584.0,10.0,3.0,8.0,6.0,7.0,Q1,High
SO,Southern Company (The),Utilities,Industrials & Energy,30.179,98.379,0.1148,0.1543,0.316,29502.0,5.0,5.0,1.0,1.0,1.0,Q4,Low
LUV,Southwest Airlines Company,Industrials,Industrials & Energy,30.073,20.048,0.111,0.0278,1.12,73456.0,7.0,9.0,5.0,1.0,4.0,Q1,Medium
SWK,"Stanley Black & Decker, Inc.",Industrials,Industrials & Energy,15.248,13.528,0.0689,0.0407,1.173,41000.0,5.0,4.0,7.0,3.0,4.0,Q1,Medium
SBUX,Starbucks Corporation,Consumer Cyclical,Consumer,38.338,109.246,,0.0517,0.965,381000.0,8.0,5.0,9.0,2.0,7.0,Q4,High
STT,State Street Corporation,Financial Services,Finance,15.023,50.235,0.1244,0.2301,1.418,50596.0,9.0,5.0,5.0,5.0,5.0,Q3,Medium
STLD,"Steel Dynamics, Inc.",Basic Materials,Industrials & Energy,20.539,33.719,0.1757,0.0783,1.515,14400.0,4.0,4.0,5.0,3.0,3.0,Q2,Low
STE,STERIS plc (Ireland),Healthcare,Healthcare,6.037,19.991,0.1139,0.1333,0.914,17937.0,9.0,4.0,7.0,8.0,8.0,Q1,High
SYK,Stryker Corporation,Healthcare,Healthcare,25.837,105.529,0.1651,0.1443,0.768,56000.0,10.0,9.0,1.0,6.0,8.0,Q4,High
SMCI,"Super Micro Computer, Inc.",Technology,Tech & Comms,39.063,25.681,0.2147,0.0571,1.996,7000.0,10.0,10.0,9.0,9.0,10.0,Q2,High
SYF,Synchrony Financial,Financial Services,Finance,9.908,24.416,0.2079,0.3551,1.308,20000.0,6.0,2.0,3.0,5.0,2.0,Q2,Low
SNPS,"Synopsys, Inc.",Technology,Tech & Comms,9.416,73.774,0.0366,0.1143,1.227,28000.0,1.0,7.0,7.0,4.0,5.0,Q3,Medium
SYY,Sysco Corporation,Consumer Defensive,Consumer,84.553,37.91,0.7769,0.0208,0.627,75000.0,6.0,7.0,4.0,6.0,6.0,Q2,Medium
TMUS,"T-Mobile US, Inc.",Communication Services,Tech & Comms,92.189,180.402,0.1799,0.1145,0.331,75000.0,9.0,10.0,10.0,9.0,10.0,Q4,High
TROW,"T. Rowe Price Group, Inc.",Financial Services,Finance,7.592,22.219,0.194,0.2926,1.48,7544.0,7.0,8.0,6.0,7.0,8.0,Q2,High
TTWO,"Take-Two Interactive Software, ",Communication Services,Tech & Comms,6.686,38.415,-0.0904,-0.0479,0.966,12909.0,4.0,8.0,2.0,4.0,4.0,Q2,Medium
TPR,"Tapestry, Inc.",Consumer Cyclical,Consumer,8.004,22.93,1.9713,0.1909,1.432,12600.0,2.0,3.0,7.0,6.0,5.0,Q2,Medium
TRGP,"Targa Resources, Inc.",Energy,Industrials & Energy,16.741,62.655,0.7084,0.1354,0.722,3570.0,3.0,2.0,4.0,9.0,6.0,Q3,Medium
TGT,Target Corporation,Consumer Defensive,Consumer,107.705,71.865,0.2641,0.0408,0.986,400000.0,4.0,6.0,6.0,1.0,2.0,Q3,Low
TEL,TE Connectivity plc,Technology,Tech & Comms,19.322,59.472,0.2329,0.1561,1.158,90000.0,2.0,1.0,2.0,7.0,2.0,Q3,Low
TDY,Teledyne Technologies Incorpora,Technology,Tech & Comms,6.374,27.974,0.0915,0.1529,0.908,15800.0,4.0,9.0,6.0,8.0,8.0,Q2,High
TER,"Teradyne, Inc.",Technology,Tech & Comms,4.464,58.076,0.3646,0.2577,1.778,6600.0,4.0,2.0,4.0,1.0,1.0,Q3,Low
TSLA,"Tesla, Inc.",Consumer Cyclical,Consumer,103.619,1438.702,0.0467,0.0367,1.845,134785.0,4.0,10.0,10.0,9.0,10.0,Q4,High
TXN,Texas Instruments Incorporated,Technology,Tech & Comms,19.453,243.508,0.3518,0.3111,1.314,33000.0,8.0,7.0,8.0,7.0,8.0,Q4,High
TPL,Texas Pacific Land Corporation,Energy,Industrials & Energy,0.898,24.325,0.3657,0.6032,0.618,114.0,2.0,5.0,1.0,5.0,2.0,Q2,Low
TXT,Textron Inc.,Industrials,Industrials & Energy,15.299,13.706,0.1213,0.0612,0.898,34000.0,3.0,4.0,8.0,7.0,6.0,Q1,Medium
TMO,Thermo Fisher Scientific Inc,Healthcare,Healthcare,46.336,240.872,0.1351,0.1504,0.854,125000.0,2.0,7.0,10.0,1.0,9.0,Q4,High
TJX,"TJX Companies, Inc. (The)",Consumer Cyclical,Consumer,62.363,139.961,0.6217,0.0973,0.593,377000.0,9.0,6.0,7.0,4.0,6.0,Q4,Medium
TKO,"TKO Group Holdings, Inc.",Communication Services,Tech & Comms,5.302,35.821,0.0706,0.0433,0.643,4000.0,8.0,10.0,10.0,9.0,10.0,Q2,High
TSCO,Tractor Supply Company,Consumer Cyclical,Consumer,15.751,16.783,0.3951,0.0643,0.469,54000.0,3.0,2.0,9.0,1.0,4.0,Q1,Medium
TT,Trane Technologies plc,Industrials,Industrials & Energy,22.21,94.414,0.3664,0.1328,1.197,44000.0,1.0,5.0,4.0,6.0,3.0,Q4,Low
TDG,Transdigm Group Incorporated,Industrials,Industrials & Energy,10.006,60.033,,0.2128,0.893,16500.0,7.0,8.0,8.0,9.0,9.0,Q3,High
TRV,"The Travelers Companies, Inc.",Financial Services,Finance,48.979,78.136,0.2651,0.1695,0.451,34000.0,3.0,9.0,4.0,1.0,3.0,Q3,Low
TRMB,Trimble Inc.,Technology,Tech & Comms,3.783,13.422,-0.0194,-0.0277,1.362,11500.0,10.0,4.0,6.0,1.0,4.0,Q1,Medium
TFC,Truist Financial Corporation,Financial Services,Finance,19.028,59.322,0.0906,0.3069,0.862,37849.0,4.0,7.0,6.0,5.0,6.0,Q3,Medium
TYL,"Tyler Technologies, Inc.",Technology,Tech & Comms,2.43,13.821,0.0973,0.1336,0.835,7879.0,4.0,9.0,4.0,3.0,5.0,Q1,Medium
TSN,"Tyson Foods, Inc.",Consumer Defensive,Consumer,55.694,18.565,0.0326,0.0103,0.371,133000.0,10.0,10.0,10.0,10.0,10.0,Q1,High
USB,U.S. Bancorp,Financial Services,Finance,27.321,93.577,0.1262,0.299,0.971,70000.0,7.0,7.0,2.0,7.0,6.0,Q3,Medium
UBER,"Uber Technologies, Inc.",Technology,Tech & Comms,55.227,144.0,0.3716,0.1734,1.159,36600.0,1.0,5.0,8.0,7.0,7.0,Q4,High
UDR,"UDR, Inc.",Real Estate,Consumer,1.766,12.454,0.1374,0.2956,0.685,1420.0,3.0,7.0,9.0,6.0,9.0,Q1,High
ULTA,"Ulta Beauty, Inc.",Consumer Cyclical,Consumer,12.956,23.131,0.4612,0.0934,0.854,21382.0,8.0,1.0,9.0,5.0,4.0,Q2,Medium
UNP,Union Pacific Corporation,Industrials,Industrials & Energy,25.41,165.967,0.397,0.2885,0.966,28716.0,8.0,1.0,3.0,1.0,1.0,Q4,Low
UAL,"United Airlines Holdings, Inc.",Industrials,Industrials & Energy,62.902,35.284,0.2325,0.0556,1.272,117500.0,9.0,3.0,5.0,10.0,9.0,Q2,High
UPS,"United Parcel Service, Inc.",Industrials,Industrials & Energy,89.93,84.278,0.296,0.0508,1.038,460000.0,6.0,8.0,8.0,10.0,9.0,Q3,High
URI,"United Rentals, Inc.",Industrials,Industrials & Energy,16.832,63.108,0.2889,0.1567,1.787,28500.0,5.0,4.0,1.0,2.0,1.0,Q3,Low
UNH,UnitedHealth Group Incorporated,Healthcare,Healthcare,450.526,338.303,0.1415,0.0314,0.622,390000.0,10.0,9.0,9.0,1.0,9.0,Q4,High
UHS,"Universal Health Services, Inc.",Healthcare,Healthcare,18.114,10.413,0.2095,0.0842,1.061,102000.0,9.0,10.0,8.0,10.0,10.0,Q1,High
VLO,Valero Energy Corporation,Energy,Industrials & Energy,132.43,118.995,0.2764,0.0545,0.568,9785.0,7.0,5.0,3.0,7.0,5.0,Q4,Medium
VEEV,Veeva Systems Inc.,Healthcare,Healthcare,3.458,42.13,0.1442,0.2934,0.974,7928.0,2.0,8.0,10.0,9.0,10.0,Q2,High
VTR,"Ventas, Inc.",Real Estate,Consumer,6.419,44.467,0.0201,0.0409,0.724,542.0,4.0,4.0,5.0,6.0,4.0,Q2,Medium
VLTO,Veralto Corp,Industrials,Industrials & Energy,5.696,23.036,0.3431,0.1735,0.759,17000.0,8.0,3.0,2.0,9.0,7.0,Q2,High
VRSN,"VeriSign, Inc.",Technology,Tech & Comms,1.708,27.402,,0.4977,0.699,926.0,4.0,7.0,4.0,1.0,2.0,Q2,Low
VRSK,"Verisk Analytics, Inc.",Industrials,Industrials & Energy,3.136,22.831,,0.2824,0.662,8000.0,2.0,4.0,3.0,6.0,3.0,Q2,Low
VZ,Verizon Communications Inc.,Communication Services,Tech & Comms,138.895,199.803,0.1584,0.1164,0.24,97600.0,7.0,1.0,7.0,3.0,2.0,Q4,Low
VRTX,Vertex Pharmaceuticals Incorpor,Healthcare,Healthcare,12.587,128.844,0.2354,0.35,0.32,6400.0,5.0,5.0,6.0,6.0,6.0,Q4,Medium
VRT,"Vertiv Holdings, LLC",Industrials,Industrials & Energy,11.48,96.012,0.4394,0.1509,2.075,34000.0,8.0,10.0,9.0,10.0,10.0,Q4,High
VTRS,Viatris Inc.,Healthcare,Healthcare,14.737,19.469,-0.0275,-0.0279,0.883,30000.0,5.0,1.0,5.0,7.0,3.0,Q1,Low
VICI,VICI Properties Inc.,Real Estate,Consumer,4.098,26.118,0.0985,0.675,0.682,28.0,5.0,2.0,2.0,8.0,4.0,Q2,Medium
V,Visa Inc.,Financial Services,Finance,44.488,691.411,0.6119,0.5078,0.761,34100.0,10.0,1.0,2.0,4.0,3.0,Q4,Low
VST,Vistra Corp.,Utilities,Industrials & Energy,19.212,47.214,0.4296,0.1155,1.414,6390.0,4.0,1.0,2.0,5.0,1.0,Q3,Low
VMRK,Vivmark Residential,Real Estate,Consumer,3.09,47.371,0.0849,0.3325,0.537,,6.0,6.0,1.0,8.0,5.0,Q3,Medium
VMC,Vulcan Materials Company (Holdi,Basic Materials,Industrials & Energy,8.116,31.206,0.1323,0.1375,1.054,11548.0,7.0,6.0,3.0,7.0,6.0,Q2,Medium
WRB,W.R. Berkley Corporation,Financial Services,Finance,14.896,25.982,0.2021,0.1294,0.283,8804.0,10.0,10.0,1.0,9.0,9.0,Q2,High
GWW,"W.W. Grainger, Inc.",Industrials,Industrials & Energy,18.845,59.659,0.4609,0.0992,1.034,22100.0,4.0,4.0,5.0,4.0,3.0,Q3,Low
WAB,Westinghouse Air Brake Technolo,Industrials,Industrials & Energy,11.98,47.334,0.1155,0.1059,0.921,31000.0,3.0,7.0,7.0,5.0,6.0,Q3,Medium
WMT,Walmart Inc.,Consumer Defensive,Consumer,735.84,849.366,0.2231,0.03,0.595,2100000.0,5.0,8.0,7.0,1.0,3.0,Q4,Low
DIS,Walt Disney Company (The),Communication Services,Tech & Comms,98.861,177.279,0.0801,0.087,1.409,175560.0,5.0,1.0,7.0,4.0,2.0,Q4,Low
WBD,"Warner Bros. Discovery, Inc. - ",Communication Services,Tech & Comms,36.115,69.698,-0.0879,-0.0877,1.571,35500.0,3.0,9.0,10.0,10.0,10.0,Q3,High
WM,"Waste Management, Inc.",Industrials,Industrials & Energy,25.667,84.38,0.2984,0.1111,0.431,60500.0,1.0,1.0,1.0,4.0,1.0,Q3,Low
WAT,Waters Corporation,Healthcare,Healthcare,4.644,41.398,0.0192,0.0359,1.194,16000.0,8.0,5.0,7.0,4.0,6.0,Q2,Medium
WEC,"WEC Energy Group, Inc.",Utilities,Industrials & Energy,10.137,33.618,0.1199,0.1669,0.457,7000.0,6.0,5.0,2.0,4.0,3.0,Q2,Low
WFC,Wells Fargo & Company,Financial Services,Finance,83.026,260.427,0.1258,0.2723,0.916,197466.0,4.0,8.0,10.0,6.0,9.0,Q4,High
WELL,Welltower Inc.,Real Estate,Consumer,12.763,164.917,0.0384,0.1215,0.76,712.0,4.0,4.0,10.0,8.0,9.0,Q4,High
WST,"West Pharmaceutical Services, I",Healthcare,Healthcare,3.327,25.498,0.1909,0.1698,1.135,10800.0,10.0,9.0,5.0,4.0,8.0,Q2,High
WDC,Western Digital Corporation,Technology,Tech & Comms,12.919,159.128,1.3085,0.7295,2.182,40000.0,10.0,3.0,3.0,5.0,4.0,Q4,Medium
WY,Weyerhaeuser Company,Real Estate,Consumer,6.852,15.294,0.0497,0.0689,0.89,9500.0,4.0,2.0,1.0,6.0,2.0,Q1,Low
WSM,"Williams-Sonoma, Inc.",Consumer Cyclical,Consumer,8.005,26.406,0.5496,0.1473,1.463,19800.0,7.0,4.0,8.0,3.0,5.0,Q2,Medium
WMB,"Williams Companies, Inc. (The)",Energy,Industrials & Energy,12.323,88.129,0.215,0.2494,0.618,5987.0,4.0,3.0,2.0,6.0,3.0,Q3,Low
WTW,Willis Towers Watson Public Lim,Financial Services,Finance,10.102,28.788,0.1976,0.1549,0.417,48100.0,2.0,2.0,2.0,6.0,2.0,Q2,Low
WDAY,"Workday, Inc.",Technology,Tech & Comms,10.155,46.723,0.1601,0.1232,1.082,20896.0,9.0,10.0,10.0,10.0,10.0,Q3,High
WYNN,"Wynn Resorts, Limited",Consumer Cyclical,Consumer,7.413,8.411,,0.0605,0.991,28500.0,6.0,3.0,4.0,9.0,8.0,Q1,High
XEL,Xcel Energy Inc.,Utilities,Industrials & Energy,14.616,45.161,0.0992,0.1528,0.399,11534.0,8.0,6.0,4.0,1.0,2.0,Q3,Low
XYL,Xylem Inc.,Industrials,Industrials & Energy,9.126,25.114,0.0918,0.1115,1.0,22000.0,2.0,2.0,5.0,4.0,2.0,Q2,Low
YUM,"Yum! Brands, Inc.",Consumer Cyclical,Consumer,8.722,37.658,,0.2541,0.551,49000.0,5.0,2.0,4.0,7.0,4.0,Q2,Medium
ZBRA,Zebra Technologies Corporation,Technology,Tech & Comms,5.847,16.399,0.1529,0.0922,1.607,10700.0,1.0,9.0,2.0,8.0,7.0,Q1,High
ZBH,"Zimmer Biomet Holdings, Inc.",Healthcare,Healthcare,8.509,18.189,0.0641,0.0948,0.471,17000.0,6.0,8.0,8.0,4.0,7.0,Q1,High
ZTS,Zoetis Inc.,Healthcare,Healthcare,9.525,29.504,0.6491,0.2768,0.729,14500.0,5.0,2.0,6.0,7.0,4.0,Q2,Medium
